Disease,symptoms,gender,diabetic,age,prakruti,remedy type,remedies
psoriasis,"red to silver skin patches, skin rashes, plaques, joint pain",M,Yes,Child,Kapha,individually,"neem,turmeric,guggul,jasmine flower"
psoriasis,"red to silver skin patches, skin rashes, plaques, joint pain",M,Yes,Child,Pitta,individually,"neem,turmeric,guggul,jasmine flower"
psoriasis,"red to silver skin patches, skin rashes, plaques, joint pain",M,Yes,Child,Vata,individually,"neem,turmeric,guggul,jasmine flower"
psoriasis,"red to silver skin patches, skin rashes, plaques, joint pain",M,Yes,Adult,Kapha,individually,"neem,turmeric,guggul,jasmine flower"
psoriasis,"red to silver skin patches, skin rashes, plaques, joint pain",M,Yes,Adult,Pitta,individually,"neem,turmeric,guggul,jasmine flower"
psoriasis,"red to silver skin patches, skin rashes, plaques, joint pain",M,Yes,Adult,Vata,individually,"neem,turmeric,guggul,jasmine flower"
psoriasis,"red to silver skin patches, skin rashes, plaques, joint pain",M,Yes,Old,Kapha,individually,"neem,turmeric,guggul,jasmine flower"
psoriasis,"red to silver skin patches, skin rashes, plaques, joint pain",M,Yes,Old,Pitta,individually,"neem,turmeric,guggul,jasmine flower"
psoriasis,"red to silver skin patches, skin rashes, plaques, joint pain",M,Yes,Old,Vata,individually,"neem,turmeric,guggul,jasmine flower"
psoriasis,"red to silver skin patches, skin rashes, plaques, joint pain",M,No,Child,Kapha,individually,"neem,turmeric,guggul,jasmine flower"
psoriasis,"red to silver skin patches, skin rashes, plaques, joint pain",M,No,Child,Pitta,individually,"neem,turmeric,guggul,jasmine flower"
psoriasis,"red to silver skin patches, skin rashes, plaques, joint pain",M,No,Child,Vata,individually,"neem,turmeric,guggul,jasmine flower"
psoriasis,"red to silver skin patches, skin rashes, plaques, joint pain",M,No,Adult,Kapha,individually,"neem,turmeric,guggul,jasmine flower"
psoriasis,"red to silver skin patches, skin rashes, plaques, joint pain",M,No,Adult,Pitta,individually,"neem,turmeric,guggul,jasmine flower"
psoriasis,"red to silver skin patches, skin rashes, plaques, joint pain",M,No,Adult,Vata,individually,"neem,turmeric,guggul,jasmine flower"
psoriasis,"red to silver skin patches, skin rashes, plaques, joint pain",M,No,Old,Kapha,individually,"neem,turmeric,guggul,jasmine flower"
psoriasis,"red to silver skin patches, skin rashes, plaques, joint pain",M,No,Old,Pitta,individually,"neem,turmeric,guggul,jasmine flower"
psoriasis,"red to silver skin patches, skin rashes, plaques, joint pain",M,No,Old,Vata,individually,"neem,turmeric,guggul,jasmine flower"
psoriasis,"red to silver skin patches, skin rashes, plaques, joint pain",F,Yes,Child,Kapha,individually,"neem,turmeric,guggul,jasmine flower"
psoriasis,"red to silver skin patches, skin rashes, plaques, joint pain",F,Yes,Child,Pitta,individually,"neem,turmeric,guggul,jasmine flower"
psoriasis,"red to silver skin patches, skin rashes, plaques, joint pain",F,Yes,Child,Vata,individually,"neem,turmeric,guggul,jasmine flower"
psoriasis,"red to silver skin patches, skin rashes, plaques, joint pain",F,Yes,Adult,Kapha,individually,"neem,turmeric,guggul,jasmine flower"
psoriasis,"red to silver skin patches, skin rashes, plaques, joint pain",F,Yes,Adult,Pitta,individually,"neem,turmeric,guggul,jasmine flower"
psoriasis,"red to silver skin patches, skin rashes, plaques, joint pain",F,Yes,Adult,Vata,individually,"neem,turmeric,guggul,jasmine flower"
psoriasis,"red to silver skin patches, skin rashes, plaques, joint pain",F,Yes,Old,Kapha,individually,"neem,turmeric,guggul,jasmine flower"
psoriasis,"red to silver skin patches, skin rashes, plaques, joint pain",F,Yes,Old,Pitta,individually,"neem,turmeric,guggul,jasmine flower"
psoriasis,"red to silver skin patches, skin rashes, plaques, joint pain",F,Yes,Old,Vata,individually,"neem,turmeric,guggul,jasmine flower"
psoriasis,"red to silver skin patches, skin rashes, plaques, joint pain",F,No,Child,Kapha,individually,"neem,turmeric,guggul,jasmine flower"
psoriasis,"red to silver skin patches, skin rashes, plaques, joint pain",F,No,Child,Pitta,individually,"neem,turmeric,guggul,jasmine flower"
psoriasis,"red to silver skin patches, skin rashes, plaques, joint pain",F,No,Child,Vata,individually,"neem,turmeric,guggul,jasmine flower"
psoriasis,"red to silver skin patches, skin rashes, plaques, joint pain",F,No,Adult,Kapha,individually,"neem,turmeric,guggul,jasmine flower"
psoriasis,"red to silver skin patches, skin rashes, plaques, joint pain",F,No,Adult,Pitta,individually,"neem,turmeric,guggul,jasmine flower"
psoriasis,"red to silver skin patches, skin rashes, plaques, joint pain",F,No,Adult,Vata,individually,"neem,turmeric,guggul,jasmine flower"
psoriasis,"red to silver skin patches, skin rashes, plaques, joint pain",F,No,Old,Kapha,individually,"neem,turmeric,guggul,jasmine flower"
psoriasis,"red to silver skin patches, skin rashes, plaques, joint pain",F,No,Old,Pitta,individually,"neem,turmeric,guggul,jasmine flower"
psoriasis,"red to silver skin patches, skin rashes, plaques, joint pain",F,No,Old,Vata,individually,"neem,turmeric,guggul,jasmine flower"
arthritis ,"joint pain, stiffness, swelling, redness, and decreased range of motion",M,Yes,Child,Kapha,individually,"Ginger,Tulsi Licorice,MalabarNut,Turmeric"
arthritis ,"joint pain, stiffness, swelling, redness, and decreased range of motion",M,Yes,Child,Pitta,individually,"Ginger,Tulsi Licorice,MalabarNut,Turmeric"
arthritis ,"joint pain, stiffness, swelling, redness, and decreased range of motion",M,Yes,Child,Vata,individually,"Ginger,Tulsi Licorice,MalabarNut,Turmeric"
arthritis ,"joint pain, stiffness, swelling, redness, and decreased range of motion",M,Yes,Adult,Kapha,individually,"Ginger,Tulsi Licorice,MalabarNut,Turmeric"
arthritis ,"joint pain, stiffness, swelling, redness, and decreased range of motion",M,Yes,Adult,Pitta,individually,"Ginger,Tulsi Licorice,MalabarNut,Turmeric"
arthritis ,"joint pain, stiffness, swelling, redness, and decreased range of motion",M,Yes,Adult,Vata,individually,"Ginger,Tulsi Licorice,MalabarNut,Turmeric"
arthritis ,"joint pain, stiffness, swelling, redness, and decreased range of motion",M,Yes,Old,Kapha,individually,"Ginger,Tulsi Licorice,MalabarNut,Turmeric"
arthritis ,"joint pain, stiffness, swelling, redness, and decreased range of motion",M,Yes,Old,Pitta,individually,"Ginger,Tulsi Licorice,MalabarNut,Turmeric"
arthritis ,"joint pain, stiffness, swelling, redness, and decreased range of motion",M,Yes,Old,Vata,individually,"Ginger,Tulsi Licorice,MalabarNut,Turmeric"
arthritis ,"joint pain, stiffness, swelling, redness, and decreased range of motion",M,No,Child,Kapha,individually,"Ginger,Tulsi Licorice,MalabarNut,Turmeric"
arthritis ,"joint pain, stiffness, swelling, redness, and decreased range of motion",M,No,Child,Pitta,individually,"Ginger,Tulsi Licorice,MalabarNut,Turmeric"
arthritis ,"joint pain, stiffness, swelling, redness, and decreased range of motion",M,No,Child,Vata,individually,"Ginger,Tulsi Licorice,MalabarNut,Turmeric"
arthritis ,"joint pain, stiffness, swelling, redness, and decreased range of motion",M,No,Adult,Kapha,individually,"Ginger,Tulsi Licorice,MalabarNut,Turmeric"
arthritis ,"joint pain, stiffness, swelling, redness, and decreased range of motion",M,No,Adult,Pitta,individually,"Ginger,Tulsi Licorice,MalabarNut,Turmeric"
arthritis ,"joint pain, stiffness, swelling, redness, and decreased range of motion",M,No,Adult,Vata,individually,"Ginger,Tulsi Licorice,MalabarNut,Turmeric"
arthritis ,"joint pain, stiffness, swelling, redness, and decreased range of motion",M,No,Old,Kapha,individually,"Ginger,Tulsi Licorice,MalabarNut,Turmeric"
arthritis ,"joint pain, stiffness, swelling, redness, and decreased range of motion",M,No,Old,Pitta,individually,"Ginger,Tulsi Licorice,MalabarNut,Turmeric"
arthritis ,"joint pain, stiffness, swelling, redness, and decreased range of motion",M,No,Old,Vata,individually,"Ginger,Tulsi Licorice,MalabarNut,Turmeric"
arthritis ,"joint pain, stiffness, swelling, redness, and decreased range of motion",F,Yes,Child,Kapha,individually,"Ginger,Tulsi Licorice,MalabarNut,Turmeric"
arthritis ,"joint pain, stiffness, swelling, redness, and decreased range of motion",F,Yes,Child,Pitta,individually,"Ginger,Tulsi Licorice,MalabarNut,Turmeric"
arthritis ,"joint pain, stiffness, swelling, redness, and decreased range of motion",F,Yes,Child,Vata,individually,"Ginger,Tulsi Licorice,MalabarNut,Turmeric"
arthritis ,"joint pain, stiffness, swelling, redness, and decreased range of motion",F,Yes,Adult,Kapha,individually,"Ginger,Tulsi Licorice,MalabarNut,Turmeric"
arthritis ,"joint pain, stiffness, swelling, redness, and decreased range of motion",F,Yes,Adult,Pitta,individually,"Ginger,Tulsi Licorice,MalabarNut,Turmeric"
arthritis ,"joint pain, stiffness, swelling, redness, and decreased range of motion",F,Yes,Adult,Vata,individually,"Ginger,Tulsi Licorice,MalabarNut,Turmeric"
arthritis ,"joint pain, stiffness, swelling, redness, and decreased range of motion",F,Yes,Old,Kapha,individually,"Ginger,Tulsi Licorice,MalabarNut,Turmeric"
arthritis ,"joint pain, stiffness, swelling, redness, and decreased range of motion",F,Yes,Old,Pitta,individually,"Ginger,Tulsi Licorice,MalabarNut,Turmeric"
arthritis ,"joint pain, stiffness, swelling, redness, and decreased range of motion",F,Yes,Old,Vata,individually,"Ginger,Tulsi Licorice,MalabarNut,Turmeric"
arthritis ,"joint pain, stiffness, swelling, redness, and decreased range of motion",F,No,Child,Kapha,individually,"Ginger,Tulsi Licorice,MalabarNut,Turmeric"
arthritis ,"joint pain, stiffness, swelling, redness, and decreased range of motion",F,No,Child,Pitta,individually,"Ginger,Tulsi Licorice,MalabarNut,Turmeric"
arthritis ,"joint pain, stiffness, swelling, redness, and decreased range of motion",F,No,Child,Vata,individually,"Ginger,Tulsi Licorice,MalabarNut,Turmeric"
arthritis ,"joint pain, stiffness, swelling, redness, and decreased range of motion",F,No,Adult,Kapha,individually,"Ginger,Tulsi Licorice,MalabarNut,Turmeric"
arthritis ,"joint pain, stiffness, swelling, redness, and decreased range of motion",F,No,Adult,Pitta,individually,"Ginger,Tulsi Licorice,MalabarNut,Turmeric"
arthritis ,"joint pain, stiffness, swelling, redness, and decreased range of motion",F,No,Adult,Vata,individually,"Ginger,Tulsi Licorice,MalabarNut,Turmeric"
arthritis ,"joint pain, stiffness, swelling, redness, and decreased range of motion",F,No,Old,Kapha,individually,"Ginger,Tulsi Licorice,MalabarNut,Turmeric"
arthritis ,"joint pain, stiffness, swelling, redness, and decreased range of motion",F,No,Old,Pitta,individually,"Ginger,Tulsi Licorice,MalabarNut,Turmeric"
arthritis ,"joint pain, stiffness, swelling, redness, and decreased range of motion",F,No,Old,Vata,individually,"Ginger,Tulsi Licorice,MalabarNut,Turmeric"
migraine,"Intense headache,Sensitivity to light and sound,Nausea ,vomiting,Fatigue,dizziness,aura",M,Yes,Child,Kapha,individually,"Indian gooseberry,ginger,pomegranate,dhoop"
migraine,"Intense headache,Sensitivity to light and sound,Nausea ,vomiting,Fatigue,dizziness,aura",M,Yes,Child,Pitta,individually,"Indian gooseberry,ginger,pomegranate,dhoop"
migraine,"Intense headache,Sensitivity to light and sound,Nausea ,vomiting,Fatigue,dizziness,aura",M,Yes,Child,Vata,individually,"Indian gooseberry,ginger,pomegranate,dhoop"
migraine,"Intense headache,Sensitivity to light and sound,Nausea ,vomiting,Fatigue,dizziness,aura",M,Yes,Adult,Kapha,individually,"Indian gooseberry,ginger,pomegranate,dhoop"
migraine,"Intense headache,Sensitivity to light and sound,Nausea ,vomiting,Fatigue,dizziness,aura",M,Yes,Adult,Pitta,individually,"Indian gooseberry,ginger,pomegranate,dhoop"
migraine,"Intense headache,Sensitivity to light and sound,Nausea ,vomiting,Fatigue,dizziness,aura",M,Yes,Adult,Vata,individually,"Indian gooseberry,ginger,pomegranate,dhoop"
migraine,"Intense headache,Sensitivity to light and sound,Nausea ,vomiting,Fatigue,dizziness,aura",M,Yes,Old,Kapha,individually,"Indian gooseberry,ginger,pomegranate,dhoop"
migraine,"Intense headache,Sensitivity to light and sound,Nausea ,vomiting,Fatigue,dizziness,aura",M,Yes,Old,Pitta,individually,"Indian gooseberry,ginger,pomegranate,dhoop"
migraine,"Intense headache,Sensitivity to light and sound,Nausea ,vomiting,Fatigue,dizziness,aura",M,Yes,Old,Vata,individually,"Indian gooseberry,ginger,pomegranate,dhoop"
migraine,"Intense headache,Sensitivity to light and sound,Nausea ,vomiting,Fatigue,dizziness,aura",M,No,Child,Kapha,individually,"Indian gooseberry,ginger,pomegranate,dhoop"
migraine,"Intense headache,Sensitivity to light and sound,Nausea ,vomiting,Fatigue,dizziness,aura",M,No,Child,Pitta,individually,"Indian gooseberry,ginger,pomegranate,dhoop"
migraine,"Intense headache,Sensitivity to light and sound,Nausea ,vomiting,Fatigue,dizziness,aura",M,No,Child,Vata,individually,"Indian gooseberry,ginger,pomegranate,dhoop"
migraine,"Intense headache,Sensitivity to light and sound,Nausea ,vomiting,Fatigue,dizziness,aura",M,No,Adult,Kapha,individually,"Indian gooseberry,ginger,pomegranate,dhoop"
migraine,"Intense headache,Sensitivity to light and sound,Nausea ,vomiting,Fatigue,dizziness,aura",M,No,Adult,Pitta,individually,"Indian gooseberry,ginger,pomegranate,dhoop"
migraine,"Intense headache,Sensitivity to light and sound,Nausea ,vomiting,Fatigue,dizziness,aura",M,No,Adult,Vata,individually,"Indian gooseberry,ginger,pomegranate,dhoop"
migraine,"Intense headache,Sensitivity to light and sound,Nausea ,vomiting,Fatigue,dizziness,aura",M,No,Old,Kapha,individually,"Indian gooseberry,ginger,pomegranate,dhoop"
migraine,"Intense headache,Sensitivity to light and sound,Nausea ,vomiting,Fatigue,dizziness,aura",M,No,Old,Pitta,individually,"Indian gooseberry,ginger,pomegranate,dhoop"
migraine,"Intense headache,Sensitivity to light and sound,Nausea ,vomiting,Fatigue,dizziness,aura",M,No,Old,Vata,individually,"Indian gooseberry,ginger,pomegranate,dhoop"
migraine,"Intense headache,Sensitivity to light and sound,Nausea ,vomiting,Fatigue,dizziness,aura",F,Yes,Child,Kapha,individually,"Indian gooseberry,ginger,pomegranate,dhoop"
migraine,"Intense headache,Sensitivity to light and sound,Nausea ,vomiting,Fatigue,dizziness,aura",F,Yes,Child,Pitta,individually,"Indian gooseberry,ginger,pomegranate,dhoop"
migraine,"Intense headache,Sensitivity to light and sound,Nausea ,vomiting,Fatigue,dizziness,aura",F,Yes,Child,Vata,individually,"Indian gooseberry,ginger,pomegranate,dhoop"
migraine,"Intense headache,Sensitivity to light and sound,Nausea ,vomiting,Fatigue,dizziness,aura",F,Yes,Adult,Kapha,individually,"Indian gooseberry,ginger,pomegranate,dhoop"
migraine,"Intense headache,Sensitivity to light and sound,Nausea ,vomiting,Fatigue,dizziness,aura",F,Yes,Adult,Pitta,individually,"Indian gooseberry,ginger,pomegranate,dhoop"
migraine,"Intense headache,Sensitivity to light and sound,Nausea ,vomiting,Fatigue,dizziness,aura",F,Yes,Adult,Vata,individually,"Indian gooseberry,ginger,pomegranate,dhoop"
migraine,"Intense headache,Sensitivity to light and sound,Nausea ,vomiting,Fatigue,dizziness,aura",F,Yes,Old,Kapha,individually,"Indian gooseberry,ginger,pomegranate,dhoop"
migraine,"Intense headache,Sensitivity to light and sound,Nausea ,vomiting,Fatigue,dizziness,aura",F,Yes,Old,Pitta,individually,"Indian gooseberry,ginger,pomegranate,dhoop"
migraine,"Intense headache,Sensitivity to light and sound,Nausea ,vomiting,Fatigue,dizziness,aura",F,Yes,Old,Vata,individually,"Indian gooseberry,ginger,pomegranate,dhoop"
migraine,"Intense headache,Sensitivity to light and sound,Nausea ,vomiting,Fatigue,dizziness,aura",F,No,Child,Kapha,individually,"Indian gooseberry,ginger,pomegranate,dhoop"
migraine,"Intense headache,Sensitivity to light and sound,Nausea ,vomiting,Fatigue,dizziness,aura",F,No,Child,Pitta,individually,"Indian gooseberry,ginger,pomegranate,dhoop"
migraine,"Intense headache,Sensitivity to light and sound,Nausea ,vomiting,Fatigue,dizziness,aura",F,No,Child,Vata,individually,"Indian gooseberry,ginger,pomegranate,dhoop"
migraine,"Intense headache,Sensitivity to light and sound,Nausea ,vomiting,Fatigue,dizziness,aura",F,No,Adult,Kapha,individually,"Indian gooseberry,ginger,pomegranate,dhoop"
migraine,"Intense headache,Sensitivity to light and sound,Nausea ,vomiting,Fatigue,dizziness,aura",F,No,Adult,Pitta,individually,"Indian gooseberry,ginger,pomegranate,dhoop"
migraine,"Intense headache,Sensitivity to light and sound,Nausea ,vomiting,Fatigue,dizziness,aura",F,No,Adult,Vata,individually,"Indian gooseberry,ginger,pomegranate,dhoop"
migraine,"Intense headache,Sensitivity to light and sound,Nausea ,vomiting,Fatigue,dizziness,aura",F,No,Old,Kapha,individually,"Indian gooseberry,ginger,pomegranate,dhoop"
migraine,"Intense headache,Sensitivity to light and sound,Nausea ,vomiting,Fatigue,dizziness,aura",F,No,Old,Pitta,individually,"Indian gooseberry,ginger,pomegranate,dhoop"
migraine,"Intense headache,Sensitivity to light and sound,Nausea ,vomiting,Fatigue,dizziness,aura",F,No,Old,Vata,individually,"Indian gooseberry,ginger,pomegranate,dhoop"
bronchitis,"Chest discomfort,Shortness of breath,Fatigue,Sore throat,Congestion",M,Yes,Child,Kapha,individually,"Ginger,Tulsi Licorice,MalabarNut,Turmeric"
bronchitis,"Chest discomfort,Shortness of breath,Fatigue,Sore throat,Congestion",M,Yes,Child,Pitta,individually,"Ginger,Tulsi Licorice,MalabarNut,Turmeric"
bronchitis,"Chest discomfort,Shortness of breath,Fatigue,Sore throat,Congestion",M,Yes,Child,Vata,individually,"Ginger,Tulsi Licorice,MalabarNut,Turmeric"
bronchitis,"Chest discomfort,Shortness of breath,Fatigue,Sore throat,Congestion",M,Yes,Adult,Kapha,individually,"Ginger,Tulsi Licorice,MalabarNut,Turmeric"
bronchitis,"Chest discomfort,Shortness of breath,Fatigue,Sore throat,Congestion",M,Yes,Adult,Pitta,individually,"Ginger,Tulsi Licorice,MalabarNut,Turmeric"
bronchitis,"Chest discomfort,Shortness of breath,Fatigue,Sore throat,Congestion",M,Yes,Adult,Vata,individually,"Ginger,Tulsi Licorice,MalabarNut,Turmeric"
bronchitis,"Chest discomfort,Shortness of breath,Fatigue,Sore throat,Congestion",M,Yes,Old,Kapha,individually,"Ginger,Tulsi Licorice,MalabarNut,Turmeric"
bronchitis,"Chest discomfort,Shortness of breath,Fatigue,Sore throat,Congestion",M,Yes,Old,Pitta,individually,"Ginger,Tulsi Licorice,MalabarNut,Turmeric"
bronchitis,"Chest discomfort,Shortness of breath,Fatigue,Sore throat,Congestion",M,Yes,Old,Vata,individually,"Ginger,Tulsi Licorice,MalabarNut,Turmeric"
bronchitis,"Chest discomfort,Shortness of breath,Fatigue,Sore throat,Congestion",M,No,Child,Kapha,individually,"Ginger,Tulsi Licorice,MalabarNut,Turmeric"
bronchitis,"Chest discomfort,Shortness of breath,Fatigue,Sore throat,Congestion",M,No,Child,Pitta,individually,"Ginger,Tulsi Licorice,MalabarNut,Turmeric"
bronchitis,"Chest discomfort,Shortness of breath,Fatigue,Sore throat,Congestion",M,No,Child,Vata,individually,"Ginger,Tulsi Licorice,MalabarNut,Turmeric"
bronchitis,"Chest discomfort,Shortness of breath,Fatigue,Sore throat,Congestion",M,No,Adult,Kapha,individually,"Ginger,Tulsi Licorice,MalabarNut,Turmeric"
bronchitis,"Chest discomfort,Shortness of breath,Fatigue,Sore throat,Congestion",M,No,Adult,Pitta,individually,"Ginger,Tulsi Licorice,MalabarNut,Turmeric"
bronchitis,"Chest discomfort,Shortness of breath,Fatigue,Sore throat,Congestion",M,No,Adult,Vata,individually,"Ginger,Tulsi Licorice,MalabarNut,Turmeric"
bronchitis,"Chest discomfort,Shortness of breath,Fatigue,Sore throat,Congestion",M,No,Old,Kapha,individually,"Ginger,Tulsi Licorice,MalabarNut,Turmeric"
bronchitis,"Chest discomfort,Shortness of breath,Fatigue,Sore throat,Congestion",M,No,Old,Pitta,individually,"Ginger,Tulsi Licorice,MalabarNut,Turmeric"
bronchitis,"Chest discomfort,Shortness of breath,Fatigue,Sore throat,Congestion",M,No,Old,Vata,individually,"Ginger,Tulsi Licorice,MalabarNut,Turmeric"
bronchitis,"Chest discomfort,Shortness of breath,Fatigue,Sore throat,Congestion",F,Yes,Child,Kapha,individually,"Ginger,Tulsi Licorice,MalabarNut,Turmeric"
bronchitis,"Chest discomfort,Shortness of breath,Fatigue,Sore throat,Congestion",F,Yes,Child,Pitta,individually,"Ginger,Tulsi Licorice,MalabarNut,Turmeric"
bronchitis,"Chest discomfort,Shortness of breath,Fatigue,Sore throat,Congestion",F,Yes,Child,Vata,individually,"Ginger,Tulsi Licorice,MalabarNut,Turmeric"
bronchitis,"Chest discomfort,Shortness of breath,Fatigue,Sore throat,Congestion",F,Yes,Adult,Kapha,individually,"Ginger,Tulsi Licorice,MalabarNut,Turmeric"
bronchitis,"Chest discomfort,Shortness of breath,Fatigue,Sore throat,Congestion",F,Yes,Adult,Pitta,individually,"Ginger,Tulsi Licorice,MalabarNut,Turmeric"
bronchitis,"Chest discomfort,Shortness of breath,Fatigue,Sore throat,Congestion",F,Yes,Adult,Vata,individually,"Ginger,Tulsi Licorice,MalabarNut,Turmeric"
bronchitis,"Chest discomfort,Shortness of breath,Fatigue,Sore throat,Congestion",F,Yes,Old,Kapha,individually,"Ginger,Tulsi Licorice,MalabarNut,Turmeric"
bronchitis,"Chest discomfort,Shortness of breath,Fatigue,Sore throat,Congestion",F,Yes,Old,Pitta,individually,"Ginger,Tulsi Licorice,MalabarNut,Turmeric"
bronchitis,"Chest discomfort,Shortness of breath,Fatigue,Sore throat,Congestion",F,Yes,Old,Vata,individually,"Ginger,Tulsi Licorice,MalabarNut,Turmeric"
bronchitis,"Chest discomfort,Shortness of breath,Fatigue,Sore throat,Congestion",F,No,Child,Kapha,individually,"Ginger,Tulsi Licorice,MalabarNut,Turmeric"
bronchitis,"Chest discomfort,Shortness of breath,Fatigue,Sore throat,Congestion",F,No,Child,Pitta,individually,"Ginger,Tulsi Licorice,MalabarNut,Turmeric"
bronchitis,"Chest discomfort,Shortness of breath,Fatigue,Sore throat,Congestion",F,No,Child,Vata,individually,"Ginger,Tulsi Licorice,MalabarNut,Turmeric"
bronchitis,"Chest discomfort,Shortness of breath,Fatigue,Sore throat,Congestion",F,No,Adult,Kapha,individually,"Ginger,Tulsi Licorice,MalabarNut,Turmeric"
bronchitis,"Chest discomfort,Shortness of breath,Fatigue,Sore throat,Congestion",F,No,Adult,Pitta,individually,"Ginger,Tulsi Licorice,MalabarNut,Turmeric"
bronchitis,"Chest discomfort,Shortness of breath,Fatigue,Sore throat,Congestion",F,No,Adult,Vata,individually,"Ginger,Tulsi Licorice,MalabarNut,Turmeric"
bronchitis,"Chest discomfort,Shortness of breath,Fatigue,Sore throat,Congestion",F,No,Old,Kapha,individually,"Ginger,Tulsi Licorice,MalabarNut,Turmeric"
bronchitis,"Chest discomfort,Shortness of breath,Fatigue,Sore throat,Congestion",F,No,Old,Pitta,individually,"Ginger,Tulsi Licorice,MalabarNut,Turmeric"
bronchitis,"Chest discomfort,Shortness of breath,Fatigue,Sore throat,Congestion",F,No,Old,Vata,individually,"Ginger,Tulsi Licorice,MalabarNut,Turmeric"
insomnia,"non-restorative sleep,daytime impairment,waking up too early in the morning,difficulty staying asleep",M,Yes,Child,Kapha,individually,"Brahmi oil ,Ashwagandha,Lavender,Chamomile"
insomnia,"non-restorative sleep,daytime impairment,waking up too early in the morning,difficulty staying asleep",M,Yes,Child,Pitta,individually,"Brahmi oil ,Ashwagandha,Lavender,Chamomile"
insomnia,"non-restorative sleep,daytime impairment,waking up too early in the morning,difficulty staying asleep",M,Yes,Child,Vata,individually,"Brahmi oil ,Ashwagandha,Lavender,Chamomile"
insomnia,"non-restorative sleep,daytime impairment,waking up too early in the morning,difficulty staying asleep",M,Yes,Adult,Kapha,individually,"Brahmi oil ,Ashwagandha,Lavender,Chamomile"
insomnia,"non-restorative sleep,daytime impairment,waking up too early in the morning,difficulty staying asleep",M,Yes,Adult,Pitta,individually,"Brahmi oil ,Ashwagandha,Lavender,Chamomile"
insomnia,"non-restorative sleep,daytime impairment,waking up too early in the morning,difficulty staying asleep",M,Yes,Adult,Vata,individually,"Brahmi oil ,Ashwagandha,Lavender,Chamomile"
insomnia,"non-restorative sleep,daytime impairment,waking up too early in the morning,difficulty staying asleep",M,Yes,Old,Kapha,individually,"Brahmi oil ,Ashwagandha,Lavender,Chamomile"
insomnia,"non-restorative sleep,daytime impairment,waking up too early in the morning,difficulty staying asleep",M,Yes,Old,Pitta,individually,"Brahmi oil ,Ashwagandha,Lavender,Chamomile"
insomnia,"non-restorative sleep,daytime impairment,waking up too early in the morning,difficulty staying asleep",M,Yes,Old,Vata,individually,"Brahmi oil ,Ashwagandha,Lavender,Chamomile"
insomnia,"non-restorative sleep,daytime impairment,waking up too early in the morning,difficulty staying asleep",M,No,Child,Kapha,individually,"Brahmi oil ,Ashwagandha,Lavender,Chamomile"
insomnia,"non-restorative sleep,daytime impairment,waking up too early in the morning,difficulty staying asleep",M,No,Child,Pitta,individually,"Brahmi oil ,Ashwagandha,Lavender,Chamomile"
insomnia,"non-restorative sleep,daytime impairment,waking up too early in the morning,difficulty staying asleep",M,No,Child,Vata,individually,"Brahmi oil ,Ashwagandha,Lavender,Chamomile"
insomnia,"non-restorative sleep,daytime impairment,waking up too early in the morning,difficulty staying asleep",M,No,Adult,Kapha,individually,"Brahmi oil ,Ashwagandha,Lavender,Chamomile"
insomnia,"non-restorative sleep,daytime impairment,waking up too early in the morning,difficulty staying asleep",M,No,Adult,Pitta,individually,"Brahmi oil ,Ashwagandha,Lavender,Chamomile"
insomnia,"non-restorative sleep,daytime impairment,waking up too early in the morning,difficulty staying asleep",M,No,Adult,Vata,individually,"Brahmi oil ,Ashwagandha,Lavender,Chamomile"
insomnia,"non-restorative sleep,daytime impairment,waking up too early in the morning,difficulty staying asleep",M,No,Old,Kapha,individually,"Brahmi oil ,Ashwagandha,Lavender,Chamomile"
insomnia,"non-restorative sleep,daytime impairment,waking up too early in the morning,difficulty staying asleep",M,No,Old,Pitta,individually,"Brahmi oil ,Ashwagandha,Lavender,Chamomile"
insomnia,"non-restorative sleep,daytime impairment,waking up too early in the morning,difficulty staying asleep",M,No,Old,Vata,individually,"Brahmi oil ,Ashwagandha,Lavender,Chamomile"
insomnia,"non-restorative sleep,daytime impairment,waking up too early in the morning,difficulty staying asleep",F,Yes,Child,Kapha,individually,"Brahmi oil ,Ashwagandha,Lavender,Chamomile"
insomnia,"non-restorative sleep,daytime impairment,waking up too early in the morning,difficulty staying asleep",F,Yes,Child,Pitta,individually,"Brahmi oil ,Ashwagandha,Lavender,Chamomile"
insomnia,"non-restorative sleep,daytime impairment,waking up too early in the morning,difficulty staying asleep",F,Yes,Child,Vata,individually,"Brahmi oil ,Ashwagandha,Lavender,Chamomile"
insomnia,"non-restorative sleep,daytime impairment,waking up too early in the morning,difficulty staying asleep",F,Yes,Adult,Kapha,individually,"Brahmi oil ,Ashwagandha,Lavender,Chamomile"
insomnia,"non-restorative sleep,daytime impairment,waking up too early in the morning,difficulty staying asleep",F,Yes,Adult,Pitta,individually,"Brahmi oil ,Ashwagandha,Lavender,Chamomile"
insomnia,"non-restorative sleep,daytime impairment,waking up too early in the morning,difficulty staying asleep",F,Yes,Adult,Vata,individually,"Brahmi oil ,Ashwagandha,Lavender,Chamomile"
insomnia,"non-restorative sleep,daytime impairment,waking up too early in the morning,difficulty staying asleep",F,Yes,Old,Kapha,individually,"Brahmi oil ,Ashwagandha,Lavender,Chamomile"
insomnia,"non-restorative sleep,daytime impairment,waking up too early in the morning,difficulty staying asleep",F,Yes,Old,Pitta,individually,"Brahmi oil ,Ashwagandha,Lavender,Chamomile"
insomnia,"non-restorative sleep,daytime impairment,waking up too early in the morning,difficulty staying asleep",F,Yes,Old,Vata,individually,"Brahmi oil ,Ashwagandha,Lavender,Chamomile"
insomnia,"non-restorative sleep,daytime impairment,waking up too early in the morning,difficulty staying asleep",F,No,Child,Kapha,individually,"Brahmi oil ,Ashwagandha,Lavender,Chamomile"
insomnia,"non-restorative sleep,daytime impairment,waking up too early in the morning,difficulty staying asleep",F,No,Child,Pitta,individually,"Brahmi oil ,Ashwagandha,Lavender,Chamomile"
insomnia,"non-restorative sleep,daytime impairment,waking up too early in the morning,difficulty staying asleep",F,No,Child,Vata,individually,"Brahmi oil ,Ashwagandha,Lavender,Chamomile"
insomnia,"non-restorative sleep,daytime impairment,waking up too early in the morning,difficulty staying asleep",F,No,Adult,Kapha,individually,"Brahmi oil ,Ashwagandha,Lavender,Chamomile"
insomnia,"non-restorative sleep,daytime impairment,waking up too early in the morning,difficulty staying asleep",F,No,Adult,Pitta,individually,"Brahmi oil ,Ashwagandha,Lavender,Chamomile"
insomnia,"non-restorative sleep,daytime impairment,waking up too early in the morning,difficulty staying asleep",F,No,Adult,Vata,individually,"Brahmi oil ,Ashwagandha,Lavender,Chamomile"
insomnia,"non-restorative sleep,daytime impairment,waking up too early in the morning,difficulty staying asleep",F,No,Old,Kapha,individually,"Brahmi oil ,Ashwagandha,Lavender,Chamomile"
insomnia,"non-restorative sleep,daytime impairment,waking up too early in the morning,difficulty staying asleep",F,No,Old,Pitta,individually,"Brahmi oil ,Ashwagandha,Lavender,Chamomile"
insomnia,"non-restorative sleep,daytime impairment,waking up too early in the morning,difficulty staying asleep",F,No,Old,Vata,individually,"Brahmi oil ,Ashwagandha,Lavender,Chamomile"
Ovarian cysts,"pelvic pain,Bloating,Changes in menstrual cycle,Urinary urgency",F,Yes,Adult,Kapha,individually,"Ashoka, Shatavari, Lodhra, and Guggul"
Ovarian cysts,"pelvic pain,Bloating,Changes in menstrual cycle,Urinary urgency",F,Yes,Adult,Pitta,individually,"Ashoka, Shatavari, Lodhra, and Guggul"
Ovarian cysts,"pelvic pain,Bloating,Changes in menstrual cycle,Urinary urgency",F,Yes,Adult,Vata,individually,"Ashoka, Shatavari, Lodhra, and Guggul"
Ovarian cysts,"pelvic pain,Bloating,Changes in menstrual cycle,Urinary urgency",F,Yes,Old,Kapha,individually,"Ashoka, Shatavari, Lodhra, and Guggul"
Ovarian cysts,"pelvic pain,Bloating,Changes in menstrual cycle,Urinary urgency",F,Yes,Old,Pitta,individually,"Ashoka, Shatavari, Lodhra, and Guggul"
Ovarian cysts,"pelvic pain,Bloating,Changes in menstrual cycle,Urinary urgency",F,Yes,Old,Vata,individually,"Ashoka, Shatavari, Lodhra, and Guggul"
Ovarian cysts,"pelvic pain,Bloating,Changes in menstrual cycle,Urinary urgency",F,No,Adult,Kapha,individually,"Ashoka, Shatavari, Lodhra, and Guggul"
Ovarian cysts,"pelvic pain,Bloating,Changes in menstrual cycle,Urinary urgency",F,No,Adult,Pitta,individually,"Ashoka, Shatavari, Lodhra, and Guggul"
Ovarian cysts,"pelvic pain,Bloating,Changes in menstrual cycle,Urinary urgency",F,No,Adult,Vata,individually,"Ashoka, Shatavari, Lodhra, and Guggul"
Ovarian cysts,"pelvic pain,Bloating,Changes in menstrual cycle,Urinary urgency",F,No,Old,Kapha,individually,"Ashoka, Shatavari, Lodhra, and Guggul"
Ovarian cysts,"pelvic pain,Bloating,Changes in menstrual cycle,Urinary urgency",F,No,Old,Pitta,individually,"Ashoka, Shatavari, Lodhra, and Guggul"
Ovarian cysts,"pelvic pain,Bloating,Changes in menstrual cycle,Urinary urgency",F,No,Old,Vata,individually,"Ashoka, Shatavari, Lodhra, and Guggul"
acne,"nodules, and cysts,pustules,papules,scarring",M,Yes,Child,Kapha,individually,"Sandalwood,Aloe Vera,Neem,Manjistha"
acne,"nodules, and cysts,pustules,papules,scarring",M,Yes,Child,Pitta,individually,"Sandalwood,Aloe Vera,Neem,Manjistha"
acne,"nodules, and cysts,pustules,papules,scarring",M,Yes,Child,Vata,individually,"Sandalwood,Aloe Vera,Neem,Manjistha"
acne,"nodules, and cysts,pustules,papules,scarring",M,Yes,Adult,Kapha,individually,"Sandalwood,Aloe Vera,Neem,Manjistha"
acne,"nodules, and cysts,pustules,papules,scarring",M,Yes,Adult,Pitta,individually,"Sandalwood,Aloe Vera,Neem,Manjistha"
acne,"nodules, and cysts,pustules,papules,scarring",M,Yes,Adult,Vata,individually,"Sandalwood,Aloe Vera,Neem,Manjistha"
acne,"nodules, and cysts,pustules,papules,scarring",M,Yes,Old,Kapha,individually,"Sandalwood,Aloe Vera,Neem,Manjistha"
acne,"nodules, and cysts,pustules,papules,scarring",M,Yes,Old,Pitta,individually,"Sandalwood,Aloe Vera,Neem,Manjistha"
acne,"nodules, and cysts,pustules,papules,scarring",M,Yes,Old,Vata,individually,"Sandalwood,Aloe Vera,Neem,Manjistha"
acne,"nodules, and cysts,pustules,papules,scarring",M,No,Child,Kapha,individually,"Sandalwood,Aloe Vera,Neem,Manjistha"
acne,"nodules, and cysts,pustules,papules,scarring",M,No,Child,Pitta,individually,"Sandalwood,Aloe Vera,Neem,Manjistha"
acne,"nodules, and cysts,pustules,papules,scarring",M,No,Child,Vata,individually,"Sandalwood,Aloe Vera,Neem,Manjistha"
acne,"nodules, and cysts,pustules,papules,scarring",M,No,Adult,Kapha,individually,"Sandalwood,Aloe Vera,Neem,Manjistha"
acne,"nodules, and cysts,pustules,papules,scarring",M,No,Adult,Pitta,individually,"Sandalwood,Aloe Vera,Neem,Manjistha"
acne,"nodules, and cysts,pustules,papules,scarring",M,No,Adult,Vata,individually,"Sandalwood,Aloe Vera,Neem,Manjistha"
acne,"nodules, and cysts,pustules,papules,scarring",M,No,Old,Kapha,individually,"Sandalwood,Aloe Vera,Neem,Manjistha"
acne,"nodules, and cysts,pustules,papules,scarring",M,No,Old,Pitta,individually,"Sandalwood,Aloe Vera,Neem,Manjistha"
acne,"nodules, and cysts,pustules,papules,scarring",M,No,Old,Vata,individually,"Sandalwood,Aloe Vera,Neem,Manjistha"
acne,"nodules, and cysts,pustules,papules,scarring",F,Yes,Child,Kapha,individually,"Sandalwood,Aloe Vera,Neem,Manjistha"
acne,"nodules, and cysts,pustules,papules,scarring",F,Yes,Child,Pitta,individually,"Sandalwood,Aloe Vera,Neem,Manjistha"
acne,"nodules, and cysts,pustules,papules,scarring",F,Yes,Child,Vata,individually,"Sandalwood,Aloe Vera,Neem,Manjistha"
acne,"nodules, and cysts,pustules,papules,scarring",F,Yes,Adult,Kapha,individually,"Sandalwood,Aloe Vera,Neem,Manjistha"
acne,"nodules, and cysts,pustules,papules,scarring",F,Yes,Adult,Pitta,individually,"Sandalwood,Aloe Vera,Neem,Manjistha"
acne,"nodules, and cysts,pustules,papules,scarring",F,Yes,Adult,Vata,individually,"Sandalwood,Aloe Vera,Neem,Manjistha"
acne,"nodules, and cysts,pustules,papules,scarring",F,Yes,Old,Kapha,individually,"Sandalwood,Aloe Vera,Neem,Manjistha"
acne,"nodules, and cysts,pustules,papules,scarring",F,Yes,Old,Pitta,individually,"Sandalwood,Aloe Vera,Neem,Manjistha"
acne,"nodules, and cysts,pustules,papules,scarring",F,Yes,Old,Vata,individually,"Sandalwood,Aloe Vera,Neem,Manjistha"
acne,"nodules, and cysts,pustules,papules,scarring",F,No,Child,Kapha,individually,"Sandalwood,Aloe Vera,Neem,Manjistha"
acne,"nodules, and cysts,pustules,papules,scarring",F,No,Child,Pitta,individually,"Sandalwood,Aloe Vera,Neem,Manjistha"
acne,"nodules, and cysts,pustules,papules,scarring",F,No,Child,Vata,individually,"Sandalwood,Aloe Vera,Neem,Manjistha"
acne,"nodules, and cysts,pustules,papules,scarring",F,No,Adult,Kapha,individually,"Sandalwood,Aloe Vera,Neem,Manjistha"
acne,"nodules, and cysts,pustules,papules,scarring",F,No,Adult,Pitta,individually,"Sandalwood,Aloe Vera,Neem,Manjistha"
acne,"nodules, and cysts,pustules,papules,scarring",F,No,Adult,Vata,individually,"Sandalwood,Aloe Vera,Neem,Manjistha"
acne,"nodules, and cysts,pustules,papules,scarring",F,No,Old,Kapha,individually,"Sandalwood,Aloe Vera,Neem,Manjistha"
acne,"nodules, and cysts,pustules,papules,scarring",F,No,Old,Pitta,individually,"Sandalwood,Aloe Vera,Neem,Manjistha"
acne,"nodules, and cysts,pustules,papules,scarring",F,No,Old,Vata,individually,"Sandalwood,Aloe Vera,Neem,Manjistha"
cholestrol ,"chest pain,nausea,extreme fatigue",F,Yes,Adult,Kapha,individually,"Haritaki ,Amla,Bahira"
cholestrol ,"chest pain,nausea,extreme fatigue",F,Yes,Adult,Pitta,individually,"Haritaki ,Amla,Bahira"
cholestrol ,"chest pain,nausea,extreme fatigue",F,Yes,Adult,Vata,individually,"Haritaki ,Amla,Bahira"
cholestrol ,"chest pain,nausea,extreme fatigue",F,Yes,Old,Kapha,individually,"Haritaki ,Amla,Bahira"
cholestrol ,"chest pain,nausea,extreme fatigue",F,Yes,Old,Pitta,individually,"Haritaki ,Amla,Bahira"
cholestrol ,"chest pain,nausea,extreme fatigue",F,Yes,Old,Vata,individually,"Haritaki ,Amla,Bahira"
cholestrol ,"chest pain,nausea,extreme fatigue",F,No,Adult,Kapha,individually,"Haritaki ,Amla,Bahira"
cholestrol ,"chest pain,nausea,extreme fatigue",F,No,Adult,Pitta,individually,"Haritaki ,Amla,Bahira"
cholestrol ,"chest pain,nausea,extreme fatigue",F,No,Adult,Vata,individually,"Haritaki ,Amla,Bahira"
cholestrol ,"chest pain,nausea,extreme fatigue",F,No,Old,Kapha,individually,"Haritaki ,Amla,Bahira"
cholestrol ,"chest pain,nausea,extreme fatigue",F,No,Old,Pitta,individually,"Haritaki ,Amla,Bahira"
cholestrol ,"chest pain,nausea,extreme fatigue",F,No,Old,Vata,individually,"Haritaki ,Amla,Bahira"
Fever,"Elevated body temperature,Chills and shivering,Fatigue,weakness,Loss of appetite",M,Yes,Child,Kapha,Individual,"Tulsi, Giloy"
Fever,"Elevated body temperature,Chills and shivering,Fatigue,weakness,Loss of appetite",M,Yes,Child,Pitta,Individual,"Tulsi, Giloy"
Fever,"Elevated body temperature,Chills and shivering,Fatigue,weakness,Loss of appetite",M,Yes,Child,Vata,Individual,"Tulsi, Giloy"
Fever,"Elevated body temperature,Chills and shivering,Fatigue,weakness,Loss of appetite",M,Yes,Adult,Kapha,Combinational,"Sitopaladi (Cardamom, Cinnamon, Bamboo Manna)"
Fever,"Elevated body temperature,Chills and shivering,Fatigue,weakness,Loss of appetite",M,Yes,Adult,Pitta,Combinational,"Sitopaladi (Cardamom, Cinnamon, Bamboo Manna)"
Fever,"Elevated body temperature,Chills and shivering,Fatigue,weakness,Loss of appetite",M,Yes,Adult,Vata,Combinational,"Sitopaladi (Cardamom, Cinnamon, Bamboo Manna)"
Fever,"Elevated body temperature,Chills and shivering,Fatigue,weakness,Loss of appetite",M,Yes,Old,Kapha,Combinational,"Sitopaladi (Cardamom, Cinnamon, Bamboo Manna)"
Fever,"Elevated body temperature,Chills and shivering,Fatigue,weakness,Loss of appetite",M,Yes,Old,Pitta,Combinational,"Sitopaladi (Cardamom, Cinnamon, Bamboo Manna)"
Fever,"Elevated body temperature,Chills and shivering,Fatigue,weakness,Loss of appetite",M,Yes,Old,Vata,Combinational,"Sitopaladi (Cardamom, Cinnamon, Bamboo Manna)"
Fever,"Elevated body temperature,Chills and shivering,Fatigue,weakness,Loss of appetite",M,No,Child,Kapha,Individual,"Tulsi, Giloy"
Fever,"Elevated body temperature,Chills and shivering,Fatigue,weakness,Loss of appetite",M,No,Child,Pitta,Individual,"Tulsi, Giloy"
Fever,"Elevated body temperature,Chills and shivering,Fatigue,weakness,Loss of appetite",M,No,Child,Vata,Individual,"Tulsi, Giloy"
Fever,"Elevated body temperature,Chills and shivering,Fatigue,weakness,Loss of appetite",M,No,Adult,Kapha,Combinational,"Sitopaladi (Cardamom, Cinnamon, Bamboo Manna)"
Fever,"Elevated body temperature,Chills and shivering,Fatigue,weakness,Loss of appetite",M,No,Adult,Pitta,Combinational,"Sitopaladi (Cardamom, Cinnamon, Bamboo Manna)"
Fever,"Elevated body temperature,Chills and shivering,Fatigue,weakness,Loss of appetite",M,No,Adult,Vata,Combinational,"Sitopaladi (Cardamom, Cinnamon, Bamboo Manna)"
Fever,"Elevated body temperature,Chills and shivering,Fatigue,weakness,Loss of appetite",M,No,Old,Kapha,Combinational,"Sitopaladi (Cardamom, Cinnamon, Bamboo Manna)"
Fever,"Elevated body temperature,Chills and shivering,Fatigue,weakness,Loss of appetite",M,No,Old,Pitta,Combinational,"Sitopaladi (Cardamom, Cinnamon, Bamboo Manna)"
Fever,"Elevated body temperature,Chills and shivering,Fatigue,weakness,Loss of appetite",M,No,Old,Vata,Combinational,"Sitopaladi (Cardamom, Cinnamon, Bamboo Manna)"
Fever,"Elevated body temperature,Chills and shivering,Fatigue,weakness,Loss of appetite",F,Yes,Child,Kapha,Individual,"Tulsi, Giloy"
Fever,"Elevated body temperature,Chills and shivering,Fatigue,weakness,Loss of appetite",F,Yes,Child,Pitta,Individual,"Tulsi, Giloy"
Fever,"Elevated body temperature,Chills and shivering,Fatigue,weakness,Loss of appetite",F,Yes,Child,Vata,Individual,"Tulsi, Giloy"
Fever,"Elevated body temperature,Chills and shivering,Fatigue,weakness,Loss of appetite",F,Yes,Adult,Kapha,Combinational,"Sitopaladi (Cardamom, Cinnamon, Bamboo Manna)"
Fever,"Elevated body temperature,Chills and shivering,Fatigue,weakness,Loss of appetite",F,Yes,Adult,Pitta,Combinational,"Sitopaladi (Cardamom, Cinnamon, Bamboo Manna)"
Fever,"Elevated body temperature,Chills and shivering,Fatigue,weakness,Loss of appetite",F,Yes,Adult,Vata,Combinational,"Sitopaladi (Cardamom, Cinnamon, Bamboo Manna)"
Fever,"Elevated body temperature,Chills and shivering,Fatigue,weakness,Loss of appetite",F,Yes,Old,Kapha,Combinational,"Sitopaladi (Cardamom, Cinnamon, Bamboo Manna)"
Fever,"Elevated body temperature,Chills and shivering,Fatigue,weakness,Loss of appetite",F,Yes,Old,Pitta,Combinational,"Sitopaladi (Cardamom, Cinnamon, Bamboo Manna)"
Fever,"Elevated body temperature,Chills and shivering,Fatigue,weakness,Loss of appetite",F,Yes,Old,Vata,Combinational,"Sitopaladi (Cardamom, Cinnamon, Bamboo Manna)"
Fever,"Elevated body temperature,Chills and shivering,Fatigue,weakness,Loss of appetite",F,No,Child,Kapha,Individual,"Tulsi, Giloy"
Fever,"Elevated body temperature,Chills and shivering,Fatigue,weakness,Loss of appetite",F,No,Child,Pitta,Individual,"Tulsi, Giloy"
Fever,"Elevated body temperature,Chills and shivering,Fatigue,weakness,Loss of appetite",F,No,Child,Vata,Individual,"Tulsi, Giloy"
Fever,"Elevated body temperature,Chills and shivering,Fatigue,weakness,Loss of appetite",F,No,Adult,Kapha,Combinational,"Sitopaladi (Cardamom, Cinnamon, Bamboo Manna)"
Fever,"Elevated body temperature,Chills and shivering,Fatigue,weakness,Loss of appetite",F,No,Adult,Pitta,Combinational,"Sitopaladi (Cardamom, Cinnamon, Bamboo Manna)"
Fever,"Elevated body temperature,Chills and shivering,Fatigue,weakness,Loss of appetite",F,No,Adult,Vata,Combinational,"Sitopaladi (Cardamom, Cinnamon, Bamboo Manna)"
Fever,"Elevated body temperature,Chills and shivering,Fatigue,weakness,Loss of appetite",F,No,Old,Kapha,Combinational,"Sitopaladi (Cardamom, Cinnamon, Bamboo Manna)"
Fever,"Elevated body temperature,Chills and shivering,Fatigue,weakness,Loss of appetite",F,No,Old,Pitta,Combinational,"Sitopaladi (Cardamom, Cinnamon, Bamboo Manna)"
Fever,"Elevated body temperature,Chills and shivering,Fatigue,weakness,Loss of appetite",F,No,Old,Vata,Combinational,"Sitopaladi (Cardamom, Cinnamon, Bamboo Manna"
cough,"Sore throat,Chest discomfort,Wheezing,Persistent coughing",M,Yes,Child,Kapha,Individual,"Tulsi, Giloy, Vasaka"
cough,"Sore throat,Chest discomfort,Wheezing,Persistent coughing",M,Yes,Child,Pitta,Individual,"Tulsi, Giloy, Vasaka"
cough,"Sore throat,Chest discomfort,Wheezing,Persistent coughing",M,Yes,Child,Vata,Individual,"Tulsi, Giloy, Vasaka"
cough,"Sore throat,Chest discomfort,Wheezing,Persistent coughing",M,Yes,Adult,Kapha,Combinational,"Sitopaladi (Cardamom, Cinnamon, Bamboo Manna)"
cough,"Sore throat,Chest discomfort,Wheezing,Persistent coughing",M,Yes,Adult,Pitta,Combinational,"Sitopaladi (Cardamom, Cinnamon, Bamboo Manna)"
cough,"Sore throat,Chest discomfort,Wheezing,Persistent coughing",M,Yes,Adult,Vata,Combinational,"Sitopaladi (Cardamom, Cinnamon, Bamboo Manna)"
cough,"Sore throat,Chest discomfort,Wheezing,Persistent coughing",M,Yes,Old,Kapha,Combinational,"Sitopaladi (Cardamom, Cinnamon, Bamboo Manna)"
cough,"Sore throat,Chest discomfort,Wheezing,Persistent coughing",M,Yes,Old,Pitta,Combinational,"Sitopaladi (Cardamom, Cinnamon, Bamboo Manna)"
cough,"Sore throat,Chest discomfort,Wheezing,Persistent coughing",M,Yes,Old,Vata,Combinational,"Sitopaladi (Cardamom, Cinnamon, Bamboo Manna)"
cough,"Sore throat,Chest discomfort,Wheezing,Persistent coughing",M,No,Child,Kapha,Individual,"Tulsi, Giloy, Vasaka"
cough,"Sore throat,Chest discomfort,Wheezing,Persistent coughing",M,No,Child,Pitta,Individual,"Tulsi, Giloy, Vasaka"
cough,"Sore throat,Chest discomfort,Wheezing,Persistent coughing",M,No,Child,Vata,Individual,"Tulsi, Giloy, Vasaka"
cough,"Sore throat,Chest discomfort,Wheezing,Persistent coughing",M,No,Adult,Kapha,Combinational,"Sitopaladi (Cardamom, Cinnamon, Bamboo Manna)"
cough,"Sore throat,Chest discomfort,Wheezing,Persistent coughing",M,No,Adult,Pitta,Combinational,"Sitopaladi (Cardamom, Cinnamon, Bamboo Manna)"
cough,"Sore throat,Chest discomfort,Wheezing,Persistent coughing",M,No,Adult,Vata,Combinational,"Sitopaladi (Cardamom, Cinnamon, Bamboo Manna)"
cough,"Sore throat,Chest discomfort,Wheezing,Persistent coughing",M,No,Old,Kapha,Combinational,"Sitopaladi (Cardamom, Cinnamon, Bamboo Manna)"
cough,"Sore throat,Chest discomfort,Wheezing,Persistent coughing",M,No,Old,Pitta,Combinational,"Sitopaladi (Cardamom, Cinnamon, Bamboo Manna)"
cough,"Sore throat,Chest discomfort,Wheezing,Persistent coughing",M,No,Old,Vata,Combinational,"Sitopaladi (Cardamom, Cinnamon, Bamboo Manna)"
cough,"Sore throat,Chest discomfort,Wheezing,Persistent coughing",F,Yes,Child,Kapha,Individual,"Tulsi, Giloy, Vasaka"
cough,"Sore throat,Chest discomfort,Wheezing,Persistent coughing",F,Yes,Child,Pitta,Individual,"Tulsi, Giloy, Vasaka"
cough,"Sore throat,Chest discomfort,Wheezing,Persistent coughing",F,Yes,Child,Vata,Individual,"Tulsi, Giloy, Vasaka"
cough,"Sore throat,Chest discomfort,Wheezing,Persistent coughing",F,Yes,Adult,Kapha,Combinational,"Sitopaladi (Cardamom, Cinnamon, Bamboo Manna)"
cough,"Sore throat,Chest discomfort,Wheezing,Persistent coughing",F,Yes,Adult,Pitta,Combinational,"Sitopaladi (Cardamom, Cinnamon, Bamboo Manna)"
cough,"Sore throat,Chest discomfort,Wheezing,Persistent coughing",F,Yes,Adult,Vata,Combinational,"Sitopaladi (Cardamom, Cinnamon, Bamboo Manna)"
cough,"Sore throat,Chest discomfort,Wheezing,Persistent coughing",F,Yes,Old,Kapha,Combinational,"Sitopaladi (Cardamom, Cinnamon, Bamboo Manna)"
cough,"Sore throat,Chest discomfort,Wheezing,Persistent coughing",F,Yes,Old,Pitta,Combinational,"Sitopaladi (Cardamom, Cinnamon, Bamboo Manna)"
cough,"Sore throat,Chest discomfort,Wheezing,Persistent coughing",F,Yes,Old,Vata,Combinational,"Sitopaladi (Cardamom, Cinnamon, Bamboo Manna)"
cough,"Sore throat,Chest discomfort,Wheezing,Persistent coughing",F,No,Child,Kapha,Individual,"Tulsi, Giloy, Vasaka"
cough,"Sore throat,Chest discomfort,Wheezing,Persistent coughing",F,No,Child,Pitta,Individual,"Tulsi, Giloy, Vasaka"
cough,"Sore throat,Chest discomfort,Wheezing,Persistent coughing",F,No,Child,Vata,Individual,"Tulsi, Giloy, Vasaka"
cough,"Sore throat,Chest discomfort,Wheezing,Persistent coughing",F,No,Adult,Kapha,Combinational,"Sitopaladi (Cardamom, Cinnamon, Bamboo Manna)"
cough,"Sore throat,Chest discomfort,Wheezing,Persistent coughing",F,No,Adult,Pitta,Combinational,"Sitopaladi (Cardamom, Cinnamon, Bamboo Manna)"
cough,"Sore throat,Chest discomfort,Wheezing,Persistent coughing",F,No,Adult,Vata,Combinational,"Sitopaladi (Cardamom, Cinnamon, Bamboo Manna)"
cough,"Sore throat,Chest discomfort,Wheezing,Persistent coughing",F,No,Old,Kapha,Combinational,"Sitopaladi (Cardamom, Cinnamon, Bamboo Manna)"
cough,"Sore throat,Chest discomfort,Wheezing,Persistent coughing",F,No,Old,Pitta,Combinational,"Sitopaladi (Cardamom, Cinnamon, Bamboo Manna)"
cough,"Sore throat,Chest discomfort,Wheezing,Persistent coughing",F,No,Old,Vata,Combinational,"Sitopaladi (Cardamom, Cinnamon, Bamboo Manna)"
constipation,"Infrequent bowel movements,Abdominal pain and bloating,Decreased appetite",M,yes,Child,vata,Individual,"Psyllium husk, Ghee"
constipation,"Infrequent bowel movements,Abdominal pain and bloating,Decreased appetite",M,no,Adult,pitta,Combinational,"Triphala (Amla, Bibhitaki, Haritaki), Trikatu (Ginger, Black Pepper, Long Pepper)"
constipation,"Infrequent bowel movements,Abdominal pain and bloating,Decreased appetite",M,yes,Adult,Kapha,Combinational,"Triphala (Amla, Bibhitaki, Haritaki), Trikatu (Ginger, Black Pepper, Long Pepper)"
constipation,"Infrequent bowel movements,Abdominal pain and bloating,Decreased appetite",M,np,Adult,Pitta,Combinational,"Triphala (Amla, Bibhitaki, Haritaki), Trikatu (Ginger, Black Pepper, Long Pepper)"
constipation,"Infrequent bowel movements,Abdominal pain and bloating,Decreased appetite",M,yes,Old,Vata,Combinational,"Triphala (Amla, Bibhitaki, Haritaki), Trikatu (Ginger, Black Pepper, Long Pepper)"
constipation,"Infrequent bowel movements,Abdominal pain and bloating,Decreased appetite",M,no,Old,Kapha,Combinational,"Triphala (Amla, Bibhitaki, Haritaki), Trikatu (Ginger, Black Pepper, Long Pepper)"
constipation,"Infrequent bowel movements,Abdominal pain and bloating,Decreased appetite",M,yes,Old,Pitta,Combinational,"Triphala (Amla, Bibhitaki, Haritaki), Trikatu (Ginger, Black Pepper, Long Pepper), Ghee"
constipation,"Infrequent bowel movements,Abdominal pain and bloating,Decreased appetite",F,no,Child,Vata,individua;,"Psyllium husk, Ghee"
constipation,"Infrequent bowel movements,Abdominal pain and bloating,Decreased appetite",F,yes,Adult,Kapha,Individual,"Psyllium husk, Ghee"
constipation,"Infrequent bowel movements,Abdominal pain and bloating,Decreased appetite",F,yes,Adult,Pitta,Combinational,"Triphala (Amla, Bibhitaki, Haritaki), Trikatu (Ginger, Black Pepper, Long Pepper)"
constipation,"Infrequent bowel movements,Abdominal pain and bloating,Decreased appetite",F,no,Adult,Vata,Combinational,"Triphala (Amla, Bibhitaki, Haritaki), Trikatu (Ginger, Black Pepper, Long Pepper)"
constipation,"Infrequent bowel movements,Abdominal pain and bloating,Decreased appetite",F,yes,Old,Kapha,Combinational,"Triphala (Amla, Bibhitaki, Haritaki), Trikatu (Ginger, Black Pepper, Long Pepper)"
constipation,"Infrequent bowel movements,Abdominal pain and bloating,Decreased appetite",F,no,Old,Pitta,Combinational,"Triphala (Amla, Bibhitaki, Haritaki), Trikatu (Ginger, Black Pepper, Long Pepper)"
constipation,"Infrequent bowel movements,Abdominal pain and bloating,Decreased appetite",F,yes,Old,vata,Combinational,"Triphala (Amla, Bibhitaki, Haritaki), Trikatu (Ginger, Black Pepper, Long Pepper)"
hypertension,"Headaches,Blurred vision,Chest pain,Shortness of breath,Dizziness",M,No,Child,Pitta,Individual,"Psyllium husk, Ghee"
hypertension,"Headaches,Blurred vision,Chest pain,Shortness of breath,Dizziness",M,No,Child,Vata,Individual,"Psyllium husk, Ghee"
hypertension,"Headaches,Blurred vision,Chest pain,Shortness of breath,Dizziness",M,Yes,Adult,Kapha,Combinational,"Triphala (Amla, Bibhitaki, Haritaki), Trikatu (Ginger, Black Pepper, Long Pepper)"
hypertension,"Headaches,Blurred vision,Chest pain,Shortness of breath,Dizziness",M,No,Adult,Pitta,Combinational,"Arjuna, Ashwagandha"
hypertension,"Headaches,Blurred vision,Chest pain,Shortness of breath,Dizziness",M,Yes,Adult,Vata,Combinational,"Boswellia, Guggul"
hypertension,"Headaches,Blurred vision,Chest pain,Shortness of breath,Dizziness",M,Yes,Old,Kapha,Combinational,"Arjuna, Ashwagandha"
hypertension,"Headaches,Blurred vision,Chest pain,Shortness of breath,Dizziness",M,Yes,Old,Pitta,Combinational,"Arjuna, Ashwagandha"
hypertension,"Headaches,Blurred vision,Chest pain,Shortness of breath,Dizziness",M,Yes,Old,Vata,Combinational,"Boswellia, Guggul, Ghee"
hypertension,"Headaches,Blurred vision,Chest pain,Shortness of breath,Dizziness",F,No,Child,Pitta,Individual,"Psyllium husk, Ghee"
hypertension,"Headaches,Blurred vision,Chest pain,Shortness of breath,Dizziness",F,No,Child,Vata,Individual,"Psyllium husk, Ghee"
hypertension,"Headaches,Blurred vision,Chest pain,Shortness of breath,Dizziness",F,Yes,Adult,Kapha,Combinational,"Triphala (Amla, Bibhitaki, Haritaki), Trikatu (Ginger, Black Pepper, Long Pepper)"
hypertension,"Headaches,Blurred vision,Chest pain,Shortness of breath,Dizziness",F,No,Adult,Pitta,Combinational,"Arjuna, Ashwagandha"
hypertension,"Headaches,Blurred vision,Chest pain,Shortness of breath,Dizziness",F,Yes,Adult,Vata,Combinational,"Boswellia, Guggul"
hypertension,"Headaches,Blurred vision,Chest pain,Shortness of breath,Dizziness",F,Yes,Old,Kapha,Combinational,"Arjuna, Ashwagandha"
hypertension,"Headaches,Blurred vision,Chest pain,Shortness of breath,Dizziness",F,Yes,Old,Pitta,Combinational,"Arjuna, Ashwagandha"
hypertension,"Headaches,Blurred vision,Chest pain,Shortness of breath,Dizziness",F,Yes,Old,Vata,Combinational,"Boswellia, Guggul, Ghee"
Rheumatoid Arthritis,"Joint pain, stiffness,Fatigue,Reduced range of motion,Systemic symptoms",M,No,Child,Pitta,Individual,"Psyllium husk, Ghee"
Rheumatoid Arthritis,"Joint pain, stiffness,Fatigue,Reduced range of motion,Systemic symptoms",M,No,Child,Vata,Individual,"Psyllium husk, Ghee"
Rheumatoid Arthritis,"Joint pain, stiffness,Fatigue,Reduced range of motion,Systemic symptoms",M,Yes,Adult,Kapha,Combinational,"Boswellia, Guggul, Ghee"
Rheumatoid Arthritis,"Joint pain, stiffness,Fatigue,Reduced range of motion,Systemic symptoms",M,No,Adult,Pitta,Combinational,"Boswellia, Guggul"
Rheumatoid Arthritis,"Joint pain, stiffness,Fatigue,Reduced range of motion,Systemic symptoms",M,Yes,Adult,Vata,Combinational,"Boswellia, Guggul, Ghee"
Rheumatoid Arthritis,"Joint pain, stiffness,Fatigue,Reduced range of motion,Systemic symptoms",M,Yes,Old,Kapha,Combinational,"Boswellia, Guggul, Ghee"
Rheumatoid Arthritis,"Joint pain, stiffness,Fatigue,Reduced range of motion,Systemic symptoms",M,Yes,Old,Pitta,Combinational,"Boswellia, Guggul"
Rheumatoid Arthritis,"Joint pain, stiffness,Fatigue,Reduced range of motion,Systemic symptoms",M,Yes,Old,Vata,Combinational,"Boswellia, Guggul, Ghee"
Rheumatoid Arthritis,"Joint pain, stiffness,Fatigue,Reduced range of motion,Systemic symptoms",F,No,Child,Pitta,Individual,"Psyllium husk, Ghee"
Rheumatoid Arthritis,"Joint pain, stiffness,Fatigue,Reduced range of motion,Systemic symptoms",F,No,Child,Vata,Individual,"Psyllium husk, Ghee"
Rheumatoid Arthritis,"Joint pain, stiffness,Fatigue,Reduced range of motion,Systemic symptoms",F,Yes,Adult,Kapha,Combinational,"Boswellia, Guggul, Ghee"
Rheumatoid Arthritis,"Joint pain, stiffness,Fatigue,Reduced range of motion,Systemic symptoms",F,No,Adult,Pitta,Combinational,"Boswellia, Guggul"
Rheumatoid Arthritis,"Joint pain, stiffness,Fatigue,Reduced range of motion,Systemic symptoms",F,Yes,Adult,Vata,Combinational,"Boswellia, Guggul, Ghee"
Rheumatoid Arthritis,"Joint pain, stiffness,Fatigue,Reduced range of motion,Systemic symptoms",F,Yes,Old,Kapha,Combinational,"Boswellia, Guggul, Ghee"
Rheumatoid Arthritis,"Joint pain, stiffness,Fatigue,Reduced range of motion,Systemic symptoms",F,Yes,Old,Pitta,Combinational,"Boswellia, Guggul"
Rheumatoid Arthritis,"Joint pain, stiffness,Fatigue,Reduced range of motion,Systemic symptoms",F,Yes,Old,Vata,Combinational,"Boswellia, Guggul, Ghee"
eczema ,"Rash,thickened, scaly skin,Skin discoloration,Itchy, red, dry, and irritated skin",M,No,Child,Pitta,Individual,Neem oil
eczema ,"Rash,thickened, scaly skin,Skin discoloration,Itchy, red, dry, and irritated skin",M,No,Child,Vata,Individual,Coconut oil
eczema ,"Rash,thickened, scaly skin,Skin discoloration,Itchy, red, dry, and irritated skin",M,No,Child,Kapha,Individual,Sesame oil
eczema ,"Rash,thickened, scaly skin,Skin discoloration,Itchy, red, dry, and irritated skin",M,No,Adult,Pitta,Individual,"Neem oil, Turmeric paste"
eczema ,"Rash,thickened, scaly skin,Skin discoloration,Itchy, red, dry, and irritated skin",M,No,Adult,Vata,Individual,"Coconut oil, Turmeric paste"
eczema ,"Rash,thickened, scaly skin,Skin discoloration,Itchy, red, dry, and irritated skin",M,No,Adult,Kapha,Individual,"Sesame oil, Neem leaves paste"
eczema ,"Rash,thickened, scaly skin,Skin discoloration,Itchy, red, dry, and irritated skin",M,No,Old,Pitta,Individual,"Neem oil, Aloe Vera gel"
eczema ,"Rash,thickened, scaly skin,Skin discoloration,Itchy, red, dry, and irritated skin",M,No,Old,Vata,Individual,"Coconut oil, Aloe Vera gel"
eczema ,"Rash,thickened, scaly skin,Skin discoloration,Itchy, red, dry, and irritated skin",M,No,Old,Kapha,Individual,"Sesame oil, Aloe Vera gel"
eczema ,"Rash,thickened, scaly skin,Skin discoloration,Itchy, red, dry, and irritated skin",M,Yes,Child,Pitta,Combinational,"Triphala (Amla, Bibhitaki, Haritaki) powder"
eczema ,"Rash,thickened, scaly skin,Skin discoloration,Itchy, red, dry, and irritated skin",M,Yes,Child,Vata,Combinational,"Triphala (Amla, Bibhitaki, Haritaki) decoction"
eczema ,"Rash,thickened, scaly skin,Skin discoloration,Itchy, red, dry, and irritated skin",M,Yes,Child,Kapha,Combinational,"Triphala (Amla, Bibhitaki, Haritaki) churna"
eczema ,"Rash,thickened, scaly skin,Skin discoloration,Itchy, red, dry, and irritated skin",M,Yes,Adult,Pitta,Combinational,"Triphala (Amla, Bibhitaki, Haritaki) powder, Turmeric paste"
eczema ,"Rash,thickened, scaly skin,Skin discoloration,Itchy, red, dry, and irritated skin",M,Yes,Adult,Vata,Combinational,"Triphala (Amla, Bibhitaki, Haritaki) decoction, Coconut oil"
eczema ,"Rash,thickened, scaly skin,Skin discoloration,Itchy, red, dry, and irritated skin",M,Yes,Adult,Kapha,Combinational,"Triphala (Amla, Bibhitaki, Haritaki) churna, Sesame oil"
eczema ,"Rash,thickened, scaly skin,Skin discoloration,Itchy, red, dry, and irritated skin",M,Yes,Old,Pitta,Combinational,"Triphala (Amla, Bibhitaki, Haritaki) powder, Neem oil"
eczema ,"Rash,thickened, scaly skin,Skin discoloration,Itchy, red, dry, and irritated skin",M,Yes,Old,Vata,Combinational,"Triphala (Amla, Bibhitaki, Haritaki) decoction, Coconut oil"
eczema ,"Rash,thickened, scaly skin,Skin discoloration,Itchy, red, dry, and irritated skin",M,Yes,Old,Kapha,Combinational,"Triphala (Amla, Bibhitaki, Haritaki) churna, Sesame oil"
eczema ,"Rash,thickened, scaly skin,Skin discoloration,Itchy, red, dry, and irritated skin",F,No,Child,Pitta,Individual,Neem oil
eczema ,"Rash,thickened, scaly skin,Skin discoloration,Itchy, red, dry, and irritated skin",F,No,Child,Vata,Individual,Coconut oil
eczema ,"Rash,thickened, scaly skin,Skin discoloration,Itchy, red, dry, and irritated skin",F,No,Child,Kapha,Individual,Sesame oil
eczema ,"Rash,thickened, scaly skin,Skin discoloration,Itchy, red, dry, and irritated skin",F,No,Adult,Pitta,Individual,"Neem oil, Turmeric paste"
eczema ,"Rash,thickened, scaly skin,Skin discoloration,Itchy, red, dry, and irritated skin",F,No,Adult,Vata,Individual,"Coconut oil, Turmeric paste"
eczema ,"Rash,thickened, scaly skin,Skin discoloration,Itchy, red, dry, and irritated skin",F,No,Adult,Kapha,Individual,"Sesame oil, Neem leaves paste"
eczema ,"Rash,thickened, scaly skin,Skin discoloration,Itchy, red, dry, and irritated skin",F,No,Old,Pitta,Individual,"Neem oil, Aloe Vera gel"
eczema ,"Rash,thickened, scaly skin,Skin discoloration,Itchy, red, dry, and irritated skin",F,No,Old,Vata,Individual,"Coconut oil, Aloe Vera gel"
eczema ,"Rash,thickened, scaly skin,Skin discoloration,Itchy, red, dry, and irritated skin",F,No,Old,Kapha,Individual,"Sesame oil, Aloe Vera gel"
eczema ,"Rash,thickened, scaly skin,Skin discoloration,Itchy, red, dry, and irritated skin",F,Yes,Child,Pitta,Combinational,"Triphala (Amla, Bibhitaki, Haritaki) powder"
eczema ,"Rash,thickened, scaly skin,Skin discoloration,Itchy, red, dry, and irritated skin",F,Yes,Child,Vata,Combinational,"Triphala (Amla, Bibhitaki, Haritaki) decoction"
eczema ,"Rash,thickened, scaly skin,Skin discoloration,Itchy, red, dry, and irritated skin",F,Yes,Child,Kapha,Combinational,"Triphala (Amla, Bibhitaki, Haritaki) churna"
eczema ,"Rash,thickened, scaly skin,Skin discoloration,Itchy, red, dry, and irritated skin",F,Yes,Adult,Pitta,Combinational,"Triphala (Amla, Bibhitaki, Haritaki) powder, Turmeric paste"
eczema ,"Rash,thickened, scaly skin,Skin discoloration,Itchy, red, dry, and irritated skin",F,Yes,Adult,Vata,Combinational,"Triphala (Amla, Bibhitaki, Haritaki) decoction, Coconut oil"
eczema ,"Rash,thickened, scaly skin,Skin discoloration,Itchy, red, dry, and irritated skin",F,Yes,Adult,Kapha,Combinational,"Triphala (Amla, Bibhitaki, Haritaki) churna, Sesame oil"
eczema ,"Rash,thickened, scaly skin,Skin discoloration,Itchy, red, dry, and irritated skin",F,Yes,Old,Pitta,Combinational,"Triphala (Amla, Bibhitaki,"
IBS,"Abdominal Pain,Diarrhea/Constipation,Gas and Bloating,Mucus in Stool,Incomplete Evacuation",M,No,Child,Pitta,Individual,Fennel tea
IBS,"Abdominal Pain,Diarrhea/Constipation,Gas and Bloating,Mucus in Stool,Incomplete Evacuation",M,No,Child,Vata,Individual,Mint tea
IBS,"Abdominal Pain,Diarrhea/Constipation,Gas and Bloating,Mucus in Stool,Incomplete Evacuation",M,No,Child,Kapha,Individual,Ginger tea
IBS,"Abdominal Pain,Diarrhea/Constipation,Gas and Bloating,Mucus in Stool,Incomplete Evacuation",M,No,Adult,Pitta,Individual,Coriander seeds decoction
IBS,"Abdominal Pain,Diarrhea/Constipation,Gas and Bloating,Mucus in Stool,Incomplete Evacuation",M,No,Adult,Vata,Individual,Cumin seeds decoction
IBS,"Abdominal Pain,Diarrhea/Constipation,Gas and Bloating,Mucus in Stool,Incomplete Evacuation",M,No,Adult,Kapha,Individual,Turmeric milk
IBS,"Abdominal Pain,Diarrhea/Constipation,Gas and Bloating,Mucus in Stool,Incomplete Evacuation",M,No,Old,Pitta,Individual,Aloe Vera juice
IBS,"Abdominal Pain,Diarrhea/Constipation,Gas and Bloating,Mucus in Stool,Incomplete Evacuation",M,No,Old,Vata,Individual,Castor oil
IBS,"Abdominal Pain,Diarrhea/Constipation,Gas and Bloating,Mucus in Stool,Incomplete Evacuation",M,No,Old,Kapha,Individual,"Triphala (Amla, Bibhitaki, Haritaki) churna"
IBS,"Abdominal Pain,Diarrhea/Constipation,Gas and Bloating,Mucus in Stool,Incomplete Evacuation",M,Yes,Child,Pitta,Combinational,"Fennel tea, Coriander seeds decoction"
IBS,"Abdominal Pain,Diarrhea/Constipation,Gas and Bloating,Mucus in Stool,Incomplete Evacuation",M,Yes,Child,Vata,Combinational,"Mint tea, Cumin seeds decoction"
IBS,"Abdominal Pain,Diarrhea/Constipation,Gas and Bloating,Mucus in Stool,Incomplete Evacuation",M,Yes,Child,Kapha,Combinational,"Ginger tea, Triphala (Amla, Bibhitaki, Haritaki) churna"
IBS,"Abdominal Pain,Diarrhea/Constipation,Gas and Bloating,Mucus in Stool,Incomplete Evacuation",M,Yes,Adult,Pitta,Combinational,"Coriander seeds decoction, Aloe Vera juice"
IBS,"Abdominal Pain,Diarrhea/Constipation,Gas and Bloating,Mucus in Stool,Incomplete Evacuation",M,Yes,Adult,Vata,Combinational,"Cumin seeds decoction, Castor oil"
IBS,"Abdominal Pain,Diarrhea/Constipation,Gas and Bloating,Mucus in Stool,Incomplete Evacuation",M,Yes,Adult,Kapha,Combinational,"Turmeric milk, Triphala (Amla, Bibhitaki, Haritaki) churna"
IBS,"Abdominal Pain,Diarrhea/Constipation,Gas and Bloating,Mucus in Stool,Incomplete Evacuation",M,Yes,Old,Pitta,Combinational,"Aloe Vera juice, Trikatu (Ginger, Black Pepper, Long Pepper)"
IBS,"Abdominal Pain,Diarrhea/Constipation,Gas and Bloating,Mucus in Stool,Incomplete Evacuation",M,Yes,Old,Vata,Combinational,"Castor oil, Triphala (Amla, Bibhitaki, Haritaki) churna"
IBS,"Abdominal Pain,Diarrhea/Constipation,Gas and Bloating,Mucus in Stool,Incomplete Evacuation",M,Yes,Old,Kapha,Combinational,"Triphala (Amla, Bibhitaki, Haritaki) churna, Ghee"
IBS,"Abdominal Pain,Diarrhea/Constipation,Gas and Bloating,Mucus in Stool,Incomplete Evacuation",F,No,Child,Pitta,Individual,Fennel tea
IBS,"Abdominal Pain,Diarrhea/Constipation,Gas and Bloating,Mucus in Stool,Incomplete Evacuation",F,No,Child,Vata,Individual,Mint tea
IBS,"Abdominal Pain,Diarrhea/Constipation,Gas and Bloating,Mucus in Stool,Incomplete Evacuation",F,No,Child,Kapha,Individual,Ginger tea
IBS,"Abdominal Pain,Diarrhea/Constipation,Gas and Bloating,Mucus in Stool,Incomplete Evacuation",F,No,Adult,Pitta,Individual,Coriander seeds decoction
IBS,"Abdominal Pain,Diarrhea/Constipation,Gas and Bloating,Mucus in Stool,Incomplete Evacuation",F,No,Adult,Vata,Individual,Cumin seeds decoction
IBS,"Abdominal Pain,Diarrhea/Constipation,Gas and Bloating,Mucus in Stool,Incomplete Evacuation",F,No,Adult,Kapha,Individual,Turmeric milk
IBS,"Abdominal Pain,Diarrhea/Constipation,Gas and Bloating,Mucus in Stool,Incomplete Evacuation",F,No,Old,Pitta,Individual,Aloe Vera juice
IBS,"Abdominal Pain,Diarrhea/Constipation,Gas and Bloating,Mucus in Stool,Incomplete Evacuation",F,No,Old,Vata,Individual,Castor oil
IBS,"Abdominal Pain,Diarrhea/Constipation,Gas and Bloating,Mucus in Stool,Incomplete Evacuation",F,No,Old,Kapha,Individual,"Triphala (Amla, Bibhitaki, Haritaki) churna"
IBS,"Abdominal Pain,Diarrhea/Constipation,Gas and Bloating,Mucus in Stool,Incomplete Evacuation",F,Yes,Child,Pitta,Combinational,"Fennel tea, Coriander seeds decoction"
IBS,"Abdominal Pain,Diarrhea/Constipation,Gas and Bloating,Mucus in Stool,Incomplete Evacuation",F,Yes,Child,Vata,Combinational,"Mint tea, Cumin seeds decoction"
IBS,"Abdominal Pain,Diarrhea/Constipation,Gas and Bloating,Mucus in Stool,Incomplete Evacuation",F,Yes,Child,Kapha,Combinational,"Ginger tea, Triphala (Amla, Bibhitaki, Haritaki) churna"
IBS,"Abdominal Pain,Diarrhea/Constipation,Gas and Bloating,Mucus in Stool,Incomplete Evacuation",F,Yes,Adult,Pitta,Combinational,"Coriander seeds decoction, Aloe Vera juice"
IBS,"Abdominal Pain,Diarrhea/Constipation,Gas and Bloating,Mucus in Stool,Incomplete Evacuation",F,Yes,Adult,Vata,Combinational,"Cumin seeds decoction, Castor oil"
IBS,"Abdominal Pain,Diarrhea/Constipation,Gas and Bloating,Mucus in Stool,Incomplete Evacuation",F,Yes,Adult,Kapha,Combinational,"Turmeric milk, Triphala (Amla, Bibhitaki, Haritaki) churna"
IBS,"Abdominal Pain,Diarrhea/Constipation,Gas and Bloating,Mucus in Stool,Incomplete Evacuation",F,Yes,Old,Pitta,Combinational,"Aloe Vera juice, Trikatu (Ginger, Black Pepper, Long Pepper)"
IBS,"Abdominal Pain,Diarrhea/Constipation,Gas and Bloating,Mucus in Stool,Incomplete Evacuation",F,Yes,Old,Vata,Combinational,"Castor oil, Triphala (Amla, Bibhitaki, Haritaki) churna"
IBS,"Abdominal Pain,Diarrhea/Constipation,Gas and Bloating,Mucus in Stool,Incomplete Evacuation",F,Yes,Old,Kapha,Combinational,"Triphala (Amla, Bibhitaki, Haritaki) churna, Ghee"
